{
  "PartnersList": {
    "section": {
      "title": "Local Services & Perks",
      "subtitle": "Choose a partner type and location to explore what's nearby."
    },
    "filters": {
      "title": "Filter your search",
      "types": {
        "printers": "Printers",
        "attractions": "Attractions",
        "retail": "Retail"
      },
      "countryLabel": "Country",
      "countryPlaceholder": "All countries",
      "cityLabel": "City / Region",
      "cityPlaceholder": "All cities",
      "clear": "Clear filters"
    },
    "list": {
      "helper": "Use the filters to find \"Printing Services\" or \"Attractions\" in your city.",
      "empty": "No partners found for those filters.",
      "loadMore": "Load more",
      "loading": "Loading partners...",
      "error": "We couldn't load partners. Please try again.",
      "locationFallback": "Location available on request"
    },
    "types": {
      "printer": "Printing Service",
      "attraction": "Attraction / Venue",
      "retail": "Retail / Brand"
    },
    "actions": {
      "getDirections": "Get Directions",
      "visitWebsite": "Visit Website",
      "viewDetails": "View Details"
    },
    "modal": {
      "email": "Email",
      "phone": "Mobile",
      "address": "Address",
      "close": "Close"
    },
    "countries": {
      "PT": "Portugal",
      "ES": "Spain",
      "FR": "France",
      "DE": "Germany",
      "IT": "Italy",
      "NL": "Netherlands",
      "BE": "Belgium",
      "GB": "United Kingdom"
    },
    "cities": {
      "PT": {
        "lisbon": "Lisbon",
        "porto": "Porto",
        "braga": "Braga",
        "coimbra": "Coimbra",
        "faro": "Faro"
      },
      "ES": {
        "madrid": "Madrid",
        "barcelona": "Barcelona",
        "valencia": "Valencia",
        "seville": "Seville"
      },
      "FR": {
        "paris": "Paris",
        "lyon": "Lyon",
        "marseille": "Marseille",
        "bordeaux": "Bordeaux"
      },
      "DE": {
        "berlin": "Berlin",
        "munich": "Munich",
        "hamburg": "Hamburg",
        "frankfurt": "Frankfurt"
      },
      "IT": {
        "rome": "Rome",
        "milan": "Milan",
        "florence": "Florence",
        "naples": "Naples"
      },
      "NL": {
        "amsterdam": "Amsterdam",
        "rotterdam": "Rotterdam",
        "utrecht": "Utrecht"
      },
      "BE": {
        "brussels": "Brussels",
        "antwerp": "Antwerp",
        "ghent": "Ghent"
      },
      "GB": {
        "london": "London",
        "manchester": "Manchester",
        "edinburgh": "Edinburgh"
      }
    }
  }
}
